{
  "loss": [
    4.012687271019353,
    3.1379321270872325,
    2.7321668345849592,
    2.5135637417880106,
    2.346830835802776,
    2.2392976924987567,
    2.1501126341767365,
    2.0627416060708192,
    2.0018946732419254,
    1.9478512724490142,
    1.897975267289759,
    1.8556334003923078,
    1.8241664656383838,
    1.7825245108203949,
    1.7498062846237674,
    1.7231286349625938,
    1.6927421338142743,
    1.666518093933303,
    1.6329332526007103,
    1.6209402491383875,
    1.6012249738211908,
    1.5803812393681782,
    1.5601155498244885,
    1.5432331823104966,
    1.5274565617087497,
    1.5116871385316086,
    1.4927898943424225,
    1.4777801052741766,
    1.4637244995010892,
    1.448339546681199,
    1.4414400545824642,
    1.4246800211104718,
    1.4168193947576466,
    1.4046683858384144,
    1.393319768050402,
    1.3801162126861524,
    1.3651921707943806,
    1.3641645213591995,
    1.3443591772480699,
    1.342753458364605,
    1.338000103106117,
    1.3201841154315594,
    1.3131698345183578,
    1.298678494603892,
    1.2954547490860266,
    1.2811392222412714,
    1.282805507748243,
    1.2781120996273108,
    1.26561797399723,
    1.259629398069726,
    1.2502556991071865,
    1.2434437312829063,
    1.2237152188688845,
    1.217114307114992,
    1.218490216594476,
    1.2217407824012512,
    1.2140050299781457,
    1.2067013227116181,
    1.2030583435970723,
    1.2037307119912217,
    1.1920380739252459,
    1.1933830455296455,
    1.1892276377749031,
    1.1806479717957168,
    1.1801488471087331,
    1.1814525466605297
  ],
  "val_loss": [
    3.3543306709952807,
    2.7333802775171936,
    2.4364022846753532,
    2.2761963059194974,
    2.143748068975978,
    2.0439489090414686,
    1.96205177327187,
    1.8985482901786752,
    1.8594319174314673,
    1.8136403591919523,
    1.788853970777734,
    1.7391168233003995,
    1.713697439835353,
    1.6997461311140925,
    1.6702534419905033,
    1.659062546648199,
    1.6336683170306132,
    1.6244885542983831,
    1.597460689218324,
    1.5872020764451318,
    1.5770977028454065,
    1.568041883903227,
    1.5496832556604268,
    1.541339600364399,
    1.5390908676295822,
    1.5168252796005461,
    1.5102791453009239,
    1.4941424122404807,
    1.4970714441968425,
    1.484325255211303,
    1.4928896611770999,
    1.480132623481019,
    1.4735452044662052,
    1.471644366872452,
    1.4581710558747314,
    1.4597608801588293,
    1.448566407153727,
    1.4444563575675284,
    1.4405483727365287,
    1.439422203399399,
    1.4356809756619704,
    1.4302147191696064,
    1.4260788785055658,
    1.4154635797063553,
    1.4128552455537575,
    1.4203698186659346,
    1.4183607331795258,
    1.4127003082285243,
    1.403171217002404,
    1.4067336878434045,
    1.413139427911708,
    1.4106914644734376,
    1.4036778678835813,
    1.3978538687127127,
    1.4015104369656022,
    1.397414292571135,
    1.3906813522058112,
    1.4000203696696294,
    1.400107023418069,
    1.3996247372157258,
    1.3823310339305603,
    1.3906322362675647,
    1.3935686163870762,
    1.3925910361112444,
    1.3901138887515476,
    1.396196990538744
  ],
  "accuracy": [
    0.18016581632653061,
    0.3171605180533752,
    0.3767906200941915,
    0.4092425431711146,
    0.438162284144427,
    0.4553080847723705,
    0.47181613029827313,
    0.49114501569858715,
    0.5013490973312402,
    0.5116022370486656,
    0.521708202511774,
    0.5299744897959183,
    0.5386822998430141,
    0.5447409733124019,
    0.5533506671899528,
    0.5573243720565149,
    0.5635302197802198,
    0.571771978021978,
    0.5773645996860283,
    0.5776834772370487,
    0.5821722919937206,
    0.5840364992150706,
    0.5918367346938775,
    0.5947556907378336,
    0.5980671114599686,
    0.6008388932496075,
    0.6095467032967034,
    0.6097184065934066,
    0.6116807299843015,
    0.6138147566718996,
    0.6148695054945055,
    0.6194809654631083,
    0.621026295133438,
    0.622890502354788,
    0.6248037676609105,
    0.6289491758241759,
    0.6324077708006279,
    0.6311077315541601,
    0.6377305729984302,
    0.637043759811617,
    0.6377305729984302,
    0.6428080847723705,
    0.6427835557299842,
    0.6440835949764521,
    0.6455062794348508,
    0.6538952119309263,
    0.6524234693877551,
    0.6481554160125589,
    0.654263147566719,
    0.6545820251177394,
    0.6565688775510204,
    0.6580896781789639,
    0.663535125588697,
    0.6649332810047096,
    0.6622841444270016,
    0.6652521585557299,
    0.6645653453689168,
    0.6667729591836735,
    0.6659635007849294,
    0.6644917582417582,
    0.6692994505494505,
    0.6689805729984302,
    0.6724391679748822,
    0.6731505102040817,
    0.6726354003139717,
    0.6726354003139717
  ],
  "val_accuracy": [
    0.29840325072969726,
    0.3888857093801866,
    0.4394780518514279,
    0.4701539518113661,
    0.49052824357580266,
    0.5079265151948721,
    0.522062610885366,
    0.532478681394151,
    0.5387168774680936,
    0.5521089681222457,
    0.551536656555829,
    0.5616665712814056,
    0.5645853602701311,
    0.5692210839581068,
    0.573055571453099,
    0.5764322096949579,
    0.5783780690207749,
    0.5803239283465919,
    0.5872488983002346,
    0.5906255365420935,
    0.594059405940594,
    0.5932581697476106,
    0.5995535969781949,
    0.6010416070508785,
    0.6042465518228124,
    0.6072798031248211,
    0.6082527327877296,
    0.6121444514393636,
    0.6135179991987638,
    0.6139186172952555,
    0.6119155268127969,
    0.6144336977050306,
    0.6166084816574143,
    0.6175241801636812,
    0.6193555771762147,
    0.6194700394894981,
    0.6210152807188233,
    0.6242202254907572,
    0.6237623762376238,
    0.6250214616837406,
    0.6261660848165741,
    0.6276540948892577,
    0.6276540948892577,
    0.6294282607451497,
    0.6310879642877583,
    0.6310307331311166,
    0.629714416528358,
    0.6302867280947748,
    0.6333199793967836,
    0.6329765924569336,
    0.6318319693241,
    0.6318319693241,
    0.6344073713729754,
    0.6352086075659589,
    0.635551994505809,
    0.6346935271561839,
    0.6366966176386425,
    0.6364104618554342,
    0.6343501402163337,
    0.635551994505809,
    0.6391003262175928,
    0.637669547301551,
    0.6366393864820008,
    0.6369827734218508,
    0.6395581754707262,
    0.6356664568190923
  ]
}